{"_runtime":130.128714687,"_step":29,"_wandb":{"runtime":146},"train/RMSE_loss":0.5846093853128378,"_timestamp":1.7317631781945236e+09,"valid/RMSE_loss":0.5331699983069771}