{"_wandb":{"runtime":192},"train/RMSE_loss":0.16510165265781945,"_timestamp":1.7317637536126676e+09,"valid/RMSE_loss":0.16065580359391982,"_runtime":175.793221384,"_step":29}