{"train/RMSE_loss":0.5953690231674247,"_timestamp":1.7317630754457994e+09,"valid/RMSE_loss":0.8258583891120824,"_wandb":{"runtime":49},"_runtime":33.489613545,"_step":29}