{"_timestamp":1.7317622427290564e+09,"valid/RMSE_loss":6.071320851578947e+07,"_runtime":15.481755071,"_step":2,"_wandb":{"runtime":17},"train/RMSE_loss":6.607869796389519e+07}