{"_runtime":129.714812665,"_step":29,"_wandb":{"runtime":146},"train/RMSE_loss":0.5846093832989074,"_timestamp":1.7317635780862622e+09,"valid/RMSE_loss":0.5331699983069771}