{"train/RMSE_loss":0.5936632502586319,"_timestamp":1.731763010520267e+09,"valid/RMSE_loss":0.5358279140372025,"_runtime":47.517124715,"_step":9,"_wandb":{"runtime":56}}