{"valid/RMSE_loss":0.3752499459725287,"_wandb":{"runtime":56},"_runtime":40.899815704,"_step":29,"train/RMSE_loss":0.19980720898631263,"_timestamp":1.731763161397766e+09}