{"_timestamp":1.731762087658608e+09,"valid/RMSE_loss":6.0790273315789476e+07,"_wandb":{"runtime":21},"_runtime":19.526961609,"_step":3,"train/RMSE_loss":6.640686691130856e+07}