{"train/RMSE_loss":0.17135950897548657,"_wandb":{"runtime":61},"_timestamp":1.7317619621047523e+09,"valid/RMSE_loss":0.16476723039522767,"_runtime":46.076155516,"_step":29}